{
	"type": "config",
	"id": "conf.service.ftp",
	"title": "FTP",
	"queryinfo": {
		"xpath": "//services/ftp",
		"iterable": false
	},
	"properties": {
		"enable": {
			"type": "boolean",
			"default": false
		},
		"port": {
			"type": "integer",
			"minimum": 1,
			"maximum": 65535,
			"default": 21
		},
		"maxclients": {
			"type": "integer",
			"minimum": 0,
			"default": 5
		},
		"maxconnectionsperhost": {
			"type": "integer",
			"minimum": 0,
			"default": 2
		},
		"maxloginattempts": {
			"type": "integer",
			"minimum": 0,
			"default": 1
		},
		"timeoutidle": {
			"type": "integer",
			"minimum": 0,
			"default": 1200
		},
		"displaylogin": {
			"type": "string",
			"default": "Welcome user %U@%R to %L FTP server.\nThe local time is: %T"
		},
		"allowforeignaddress": {
			"type": "boolean",
			"default": false
		},
		"allowrestart": {
			"type": "boolean",
			"default": false
		},
		"identlookups": {
			"type": "boolean",
			"default": false
		},
		"usereversedns": {
			"type": "boolean",
			"default": false
		},
		"rootlogin": {
			"type": "boolean",
			"default": false
		},
		"masqueradeaddress": {
			"type": "string",
			"default": ""
		},
		"dynmasqrefresh": {
			"type": "integer",
			"minimum": 0,
			"default": 0
		},
		"usepassiveports": {
			"type": "boolean",
			"default": false
		},
		"minpassiveports":{
			"type": "integer",
			"minimum": 1025,
			"maximum": 65535,
			"default": 49152
		},
		"maxpassiveports":{
			"type": "integer",
			"minimum": 1025,
			"maximum": 65535,
			"default": 65534
		},
		"limittransferrate": {
			"type": "boolean",
			"default": false
		},
		"maxuptransferrate": {
			"type": "integer",
			"minimum": 0,
			"default": 0
		},
		"maxdowntransferrate": {
			"type": "integer",
			"minimum": 0,
			"default": 0
		},
		"anonymous": {
			"type": "boolean",
			"default": false
		},
		"requirevalidshell": {
			"type": "boolean",
			"default": true
		},
		"transferlog": {
			"type": "boolean",
			"default": false
		},
		"homesenable": {
			"type": "boolean",
			"default": false
		},
		"extraoptions": {
			"type": "string",
			"default": ""
		},
		"shares": {
			"type": "object",
			"properties": {
				"share": {
					"type": "array",
					"items": {
						"type": "object",
						"properties": {
							"uuid": {
								"type": "string",
								"format": "uuidv4"
							},
							"enable": {
								"type": "boolean",
								"default": false
							},
							"sharedfolderref": {
								"type": "string",
								"format": "uuidv4"
							},
							"extraoptions": {
								"type": "string",
								"default": ""
							},
							"comment": {
								"type": "string",
								"default": ""
							}
						}
					}
				}
			}
		},
		"modules": {
			"type": "object",
			"properties": {
				"mod_ban": {
					"type": "object",
					"properties": {
						"rule": {
							"type": "array",
							"items": {
								"type": "object",
								"properties": {
									"uuid": {
										"type": "string",
										"format": "uuidv4"
									},
									"event": {
										"type": "string",
										"enum": [
											"AnonRejectPasswords",
											"ClientConnectRate",
											"MaxClientsPerClass",
											"MaxClientsPerHost",
											"MaxClientsPerUser",
											"MaxConnectionsPerHost",
											"MaxHostsPerUser",
											"MaxLoginAttempts",
											"TimeoutIdle",
											"TimeoutNoTransfer"
										]
									},
									"occurrence": {
										"type": "integer",
										"minimum": 1,
										"default": 2
									},
									"timeinterval": {
										"type": "string",
										"format": "time",
										"default": ""
									},
									"expire": {
										"type": "string",
										"format": "time",
										"default": ""
									}
								}
							}
						}
					}
				},
				"mod_tls": {
					"type": "object",
					"properties": {
						"enable": {
							"type": "boolean",
							"default": false
						},
						"required": {
							"type": "boolean",
							"default": false
						},
						"sslcertificateref": {
							"type": "string",
							"oneOf": [{
								"type": "string",
								"format": "uuidv4"
							},{
								"type": "string"
							}],
							"default": ""
						},
						"nosessionreuserequired": {
							"type": "boolean",
							"default": false
						},
						"useimplicitssl": {
							"type": "boolean",
							"default": false
						},
						"extraoptions": {
							"type": "string",
							"default": ""
						}
					}
				}
			}
		}
	}
}
