{
	"type": "config",
	"id": "conf.service.photoprism",
	"title": "PhotoPrism photo gallery",
	"queryinfo": {
		"xpath": "//services/photoprism",
		"iterable": false
	},
	"properties": {
		"enable": {
			"type": "boolean",
			"default": false
		},
		"port": {
			"type": "integer",
			"minimum": 1,
			"maximum": 65535,
			"default": 8080
		},
		"sslcertificateref": {
			"type": "string",
			"oneOf": [{
				"type": "string",
				"format": "uuidv4"
			},{
				"type": "string",
				"maxLength": 0
			}]
		},
		"readonly": {
			"type": "boolean",
			"default": false
		},
		"public": {
			"type": "boolean",
			"default": false
		},
		"originalslimit": {
			"type": "integer",
			"minimum": -1,
			"maximum": 100000,
			"default": 1000
		},
		"appdata_sharedfolderref": {
			"type": "string",
			"oneOf": [{
				"type": "string",
				"format": "uuidv4"
			},{
				"type": "string",
				"maxLength": 0
			}]
		},
		"originals_sharedfolderref": {
			"type": "string",
			"oneOf": [{
				"type": "string",
				"format": "uuidv4"
			},{
				"type": "string",
				"maxLength": 0
			}]
		},
		"import_sharedfolderref": {
			"type": "string",
			"oneOf": [{
				"type": "string",
				"format": "uuidv4"
			},{
				"type": "string",
				"maxLength": 0
			}]
		}
	}
}
