{
	"type": "config",
	"id": "conf.service.daapd",
	"title": "DAAP server",
	"queryinfo": {
		"xpath": "//services/daap",
		"iterable": false
	},
	"properties": {
		"enable": {
			"type": "boolean",
			"default": false
		},
		"libraryname": {
			"type": "string",
			"default": "%h - iTunes/DAAP"
		},
		"port": {
			"type": "integer",
			"minimum": 1,
			"maximum": 65535,
			"default": 3689
		},
		"sharedfolderref": {
			"type": "string",
			"oneOf": [{
				"type": "string",
				"format": "uuidv4"
			},{
				"type": "string",
				"maxLength": 0
			}]
		},
		"passwordrequired": {
			"type": "boolean",
			"default": false
		},
		"password": {
			"type": "string"
		},
		"adminpassword": {
			"type": "string"
		}
	}
}
