[{
	"type": "rpc",
	"id": "rpc.daapd.set",
	"params": {
		"type": "object",
		"properties": {
			"enable": {
			    "type": "boolean",
				"required": true
			},
			"libraryname": {
			    "type": "string",
				"required": true
			},
			"port": {
			    "type": "integer",
			    "minimum": 0,
			    "maximum": 65535,
				"required": true
			},
			"sharedfolderref": {
			    "type": "string",
				"oneOf": [{
					"type": "string",
					"format": "uuidv4"
				},{
					"type": "string",
					"maxLength": 0
				}],
				"required": true
			},
			"passwordrequired": {
			    "type": "boolean",
				"required": true
			},
			"password": {
			    "type": "string",
				"required": true
			}
		}
	}
}]
