{
	"type": "config",
	"id": "conf.service.nut",
	"title": "Network UPS tools",
	"queryinfo": {
		"xpath": "//services/nut",
		"iterable": false
	},
	"properties": {
		"enable": {
			"type": "boolean",
			"default": false
		},
		"mode": {
			"type": "string",
			"enum": [ "netclient", "standalone" ],
			"default": "standalone"
		},
		"upsname": {
			"type": "string",
			"pattern": "^[a-z0-9_-]+$"
		},
		"comment": {
			"type": "string"
		},
		"netclienthostname": {
			"type": "string"
		},
		"netclientusername": {
			"type": "string",
			"default": ""
		},
		"netclientpassword": {
			"type": "string",
			"default": ""
		},
		"powervalue": {
			"type": "integer",
			"minimum": 0,
			"default": 1
		},
		"driverconf": {
			"type": "string"
		},
		"shutdownmode": {
			"type": "string",
			"enum": [ "fsd", "onbatt" ],
			"default": "onbatt"
		},
		"shutdowntimer": {
			"type": "integer",
			"minimum": 1,
			"default": 30
		},
		"remotemonitor": {
			"type": "boolean",
			"default": false
		},
		"remoteuser": {
			"type": "string"
		},
		"remotepassword": {
			"type": "string"
		}
	}
}
