<?xml version="1.0" encoding="UTF-8"?>
<!--
Copyright © 1991-2019 Unicode, Inc.
For terms of use, see http://www.unicode.org/copyright.html
Unicode and the Unicode Logo are registered trademarks of Unicode, Inc. in the U.S. and other countries.
CLDR data files are interpreted according to the LDML specification (http://unicode.org/reports/tr35/)
Source file https://unicode.org/repos/cldr/trunk/common/main/ru.xml
Warnings: All cp values have U+FE0F characters removed. See /annotationsDerived/ for derived annotations.
-->
<timeZoneNames>
  <olson>
    <zone type="Africa/Abidjan">Африка/Абиджан</zone>
    <zone type="Africa/Accra">Африка/Аккра</zone>
    <zone type="Africa/Addis_Ababa">Африка/Аддис-Абеба</zone>
    <zone type="Africa/Algiers">Африка/Алжир</zone>
    <zone type="Africa/Asmara">Африка/Асмэра</zone>
    <zone type="Africa/Asmera">Африка/Асмэра</zone>
    <zone type="Africa/Bamako">Африка/Бамако</zone>
    <zone type="Africa/Bangui">Африка/Банги</zone>
    <zone type="Africa/Banjul">Африка/Банжул</zone>
    <zone type="Africa/Bissau">Африка/Бисау</zone>
    <zone type="Africa/Blantyre">Африка/Блантайр</zone>
    <zone type="Africa/Brazzaville">Африка/Браззавиль</zone>
    <zone type="Africa/Bujumbura">Африка/Бужумбура</zone>
    <zone type="Africa/Cairo">Африка/Каир</zone>
    <zone type="Africa/Casablanca">Африка/Касабланка</zone>
    <zone type="Africa/Ceuta">Африка/Сеута</zone>
    <zone type="Africa/Conakry">Африка/Конакри</zone>
    <zone type="Africa/Dakar">Африка/Дакар</zone>
    <zone type="Africa/Dar_es_Salaam">Африка/Дар-эс-Салам</zone>
    <zone type="Africa/Djibouti">Африка/Джибути</zone>
    <zone type="Africa/Douala">Африка/Дуала</zone>
    <zone type="Africa/El_Aaiun">Африка/Эль-Аюн</zone>
    <zone type="Africa/Freetown">Африка/Фритаун</zone>
    <zone type="Africa/Gaborone">Африка/Габороне</zone>
    <zone type="Africa/Harare">Африка/Хараре</zone>
    <zone type="Africa/Johannesburg">Африка/Йоханнесбург</zone>
    <zone type="Africa/Juba">Африка/Джуба</zone>
    <zone type="Africa/Kampala">Африка/Кампала</zone>
    <zone type="Africa/Khartoum">Африка/Хартум</zone>
    <zone type="Africa/Kigali">Африка/Кигали</zone>
    <zone type="Africa/Kinshasa">Африка/Киншаса</zone>
    <zone type="Africa/Lagos">Африка/Лагос</zone>
    <zone type="Africa/Libreville">Африка/Либревиль</zone>
    <zone type="Africa/Lome">Африка/Ломе</zone>
    <zone type="Africa/Luanda">Африка/Луанда</zone>
    <zone type="Africa/Lubumbashi">Африка/Лубумбаши</zone>
    <zone type="Africa/Lusaka">Африка/Лусака</zone>
    <zone type="Africa/Malabo">Африка/Малабо</zone>
    <zone type="Africa/Maputo">Африка/Мапуту</zone>
    <zone type="Africa/Maseru">Африка/Масеру</zone>
    <zone type="Africa/Mbabane">Африка/Мбабане</zone>
    <zone type="Africa/Mogadishu">Африка/Могадишо</zone>
    <zone type="Africa/Monrovia">Африка/Монровия</zone>
    <zone type="Africa/Nairobi">Африка/Найроби</zone>
    <zone type="Africa/Ndjamena">Африка/Нджамена</zone>
    <zone type="Africa/Niamey">Африка/Ниамей</zone>
    <zone type="Africa/Nouakchott">Африка/Нуакшот</zone>
    <zone type="Africa/Ouagadougou">Африка/Уагадугу</zone>
    <zone type="Africa/Porto-Novo">Африка/Порто-Ново</zone>
    <zone type="Africa/Sao_Tome">Африка/Сан-Томе</zone>
    <zone type="Africa/Timbuktu">Африка/Томбукту</zone>
    <zone type="Africa/Tripoli">Африка/Триполи</zone>
    <zone type="Africa/Tunis">Африка/Тунис</zone>
    <zone type="Africa/Windhoek">Африка/Виндхук</zone>
    <zone type="America/Adak">Америка/Адак</zone>
    <zone type="America/Anchorage">Америка/Анкоридж</zone>
    <zone type="America/Anguilla">Америка/Ангилья</zone>
    <zone type="America/Antigua">Америка/Антигуа</zone>
    <zone type="America/Araguaina">Америка/Арагуаина</zone>
    <zone type="America/Argentina/La_Rioja">Америка/Ла-Риоха</zone>
    <zone type="America/Argentina/Rio_Gallegos">Америка/Рио-Гальегос</zone>
    <zone type="America/Argentina/Salta">Америка/Сальта</zone>
    <zone type="America/Argentina/San_Juan">Америка/Сан-Хуан</zone>
    <zone type="America/Argentina/San_Luis">Америка/Сан-Луис</zone>
    <zone type="America/Argentina/Tucuman">Америка/Тукуман</zone>
    <zone type="America/Argentina/Ushuaia">Америка/Ушуая</zone>
    <zone type="America/Aruba">Америка/Аруба</zone>
    <zone type="America/Asuncion">Америка/Асунсьон</zone>
    <zone type="America/Atikokan">Америка/Атикокан</zone>
    <zone type="America/Atka">Америка/Атка</zone>
    <zone type="America/Bahia">Америка/Баия</zone>
    <zone type="America/Bahia_Banderas">Америка/Баия-де-Бандерас</zone>
    <zone type="America/Barbados">Америка/Барбадос</zone>
    <zone type="America/Belem">Америка/Белен</zone>
    <zone type="America/Belize">Америка/Белиз</zone>
    <zone type="America/Blanc-Sablon">Америка/Бланк-Саблон</zone>
    <zone type="America/Boa_Vista">Америка/Боа-Виста</zone>
    <zone type="America/Bogota">Америка/Богота</zone>
    <zone type="America/Boise">Америка/Бойсе</zone>
    <zone type="America/Buenos_Aires">Америка/Буэнос-Айрес</zone>
    <zone type="America/Cambridge_Bay">Америка/Кеймбридж-Бей</zone>
    <zone type="America/Campo_Grande">Америка/Кампу-Гранди</zone>
    <zone type="America/Cancun">Америка/Канкун</zone>
    <zone type="America/Caracas">Америка/Каракас</zone>
    <zone type="America/Catamarca">Америка/Катамарка</zone>
    <zone type="America/Cayenne">Америка/Кайенна</zone>
    <zone type="America/Cayman">Америка/Острова Кайман</zone>
    <zone type="America/Chicago">Америка/Чикаго</zone>
    <zone type="America/Chihuahua">Америка/Чиуауа</zone>
    <zone type="America/Coral_Harbour">Америка/Корал-Харбор</zone>
    <zone type="America/Cordoba">Америка/Кордова</zone>
    <zone type="America/Costa_Rica">Америка/Коста-Рика</zone>
    <zone type="America/Creston">Америка/Крестон</zone>
    <zone type="America/Cuiaba">Америка/Куяба</zone>
    <zone type="America/Curacao">Америка/Кюрасао</zone>
    <zone type="America/Danmarkshavn">Америка/Денмарксхавн</zone>
    <zone type="America/Dawson">Америка/Доусон</zone>
    <zone type="America/Dawson_Creek">Америка/Доусон-Крик</zone>
    <zone type="America/Denver">Америка/Денвер</zone>
    <zone type="America/Detroit">Америка/Детройт</zone>
    <zone type="America/Dominica">Америка/Доминика</zone>
    <zone type="America/Edmonton">Америка/Эдмонтон</zone>
    <zone type="America/Eirunepe">Америка/Эйрунепе</zone>
    <zone type="America/El_Salvador">Америка/Сальвадор</zone>
    <zone type="America/Ensenada">Америка/Энсенада</zone>
    <zone type="America/Fort_Nelson">Америка/Форт Нельсон</zone>
    <zone type="America/Fort_Wayne">Америка/Форт-Уэйн</zone>
    <zone type="America/Fortaleza">Америка/Форталеза</zone>
    <zone type="America/Glace_Bay">Америка/Глейс-Бей</zone>
    <zone type="America/Godthab">Америка/Нуук</zone>
    <zone type="America/Goose_Bay">Америка/Гус-Бей</zone>
    <zone type="America/Grand_Turk">Америка/Гранд-Терк</zone>
    <zone type="America/Grenada">Америка/Гренада</zone>
    <zone type="America/Guadeloupe">Америка/Гваделупа</zone>
    <zone type="America/Guatemala">Америка/Гватемала</zone>
    <zone type="America/Guayaquil">Америка/Гуаякиль</zone>
    <zone type="America/Guyana">Америка/Гайана</zone>
    <zone type="America/Halifax">Америка/Галифакс</zone>
    <zone type="America/Havana">Америка/Гавана</zone>
    <zone type="America/Hermosillo">Америка/Эрмосильо</zone>
    <zone type="America/Indiana/Knox">Америка/Нокс, Индиана</zone>
    <zone type="America/Indiana/Marengo">Америка/Маренго, Индиана</zone>
    <zone type="America/Indiana/Petersburg">Америка/Питерсберг, Индиана</zone>
    <zone type="America/Indiana/Tell_City">Америка/Телл-Сити</zone>
    <zone type="America/Indiana/Vevay">Америка/Вевей, Индиана</zone>
    <zone type="America/Indiana/Vincennes">Америка/Винсеннес</zone>
    <zone type="America/Indiana/Winamac">Америка/Уинамак</zone>
    <zone type="America/Indianapolis">Америка/Индианаполис</zone>
    <zone type="America/Inuvik">Америка/Инувик</zone>
    <zone type="America/Iqaluit">Америка/Икалуит</zone>
    <zone type="America/Jamaica">Америка/Ямайка</zone>
    <zone type="America/Jujuy">Америка/Жужуй</zone>
    <zone type="America/Juneau">Америка/Джуно</zone>
    <zone type="America/Kentucky/Monticello">Америка/Монтиселло, Кентукки</zone>
    <zone type="America/Knox_IN">Америка/Нокс, Индиана</zone>
    <zone type="America/Kralendijk">Америка/Кралендейк</zone>
    <zone type="America/La_Paz">Америка/Ла-Пас</zone>
    <zone type="America/Lima">Америка/Лима</zone>
    <zone type="America/Los_Angeles">Америка/Лос-Анджелес</zone>
    <zone type="America/Louisville">Америка/Луисвилл</zone>
    <zone type="America/Lower_Princes">Америка/Лоуэр-Принсес-Куортер</zone>
    <zone type="America/Maceio">Америка/Масейо</zone>
    <zone type="America/Managua">Америка/Манагуа</zone>
    <zone type="America/Manaus">Америка/Манаус</zone>
    <zone type="America/Marigot">Америка/Мариго</zone>
    <zone type="America/Martinique">Америка/Мартиника</zone>
    <zone type="America/Matamoros">Америка/Матаморос</zone>
    <zone type="America/Mazatlan">Америка/Масатлан</zone>
    <zone type="America/Mendoza">Америка/Мендоса</zone>
    <zone type="America/Menominee">Америка/Меномини</zone>
    <zone type="America/Merida">Америка/Мерида</zone>
    <zone type="America/Metlakatla">Америка/Метлакатла</zone>
    <zone type="America/Mexico_City">Америка/Мехико</zone>
    <zone type="America/Miquelon">Америка/Микелон</zone>
    <zone type="America/Moncton">Америка/Монктон</zone>
    <zone type="America/Monterrey">Америка/Монтеррей</zone>
    <zone type="America/Montevideo">Америка/Монтевидео</zone>
    <zone type="America/Montreal">Америка/Монреаль</zone>
    <zone type="America/Montserrat">Америка/Монтсеррат</zone>
    <zone type="America/Nassau">Америка/Нассау</zone>
    <zone type="America/New_York">Америка/Нью-Йорк</zone>
    <zone type="America/Nipigon">Америка/Нипигон</zone>
    <zone type="America/Nome">Америка/Ном</zone>
    <zone type="America/Noronha">Америка/Норонья</zone>
    <zone type="America/North_Dakota/Beulah">Америка/Бойла, Северная Дакота</zone>
    <zone type="America/North_Dakota/Center">Америка/Центр, Северная Дакота</zone>
    <zone type="America/North_Dakota/New_Salem">Америка/Нью-Сейлем, Северная Дакота</zone>
    <zone type="America/Ojinaga">Америка/Охинага</zone>
    <zone type="America/Panama">Америка/Панама</zone>
    <zone type="America/Pangnirtung">Америка/Пангниртунг</zone>
    <zone type="America/Paramaribo">Америка/Парамарибо</zone>
    <zone type="America/Phoenix">Америка/Финикс</zone>
    <zone type="America/Port_of_Spain">Америка/Порт-оф-Спейн</zone>
    <zone type="America/Port-au-Prince">Америка/Порт-о-Пренс</zone>
    <zone type="America/Porto_Acre">Америка/Порту-Акри</zone>
    <zone type="America/Porto_Velho">Америка/Порту-Велью</zone>
    <zone type="America/Puerto_Rico">Америка/Пуэрто-Рико</zone>
    <zone type="America/Punta_Arenas">Америка/Пунта-Аренас</zone>
    <zone type="America/Rainy_River">Америка/Рейни-Ривер</zone>
    <zone type="America/Rankin_Inlet">Америка/Ранкин-Инлет</zone>
    <zone type="America/Recife">Америка/Ресифи</zone>
    <zone type="America/Regina">Америка/Реджайна</zone>
    <zone type="America/Resolute">Америка/Резольют</zone>
    <zone type="America/Rio_Branco">Америка/Риу-Бранку</zone>
    <zone type="America/Rosario">Америка/Росарио</zone>
    <zone type="America/Santa_Isabel">Америка/Санта-Изабел</zone>
    <zone type="America/Santarem">Америка/Сантарен</zone>
    <zone type="America/Santiago">Америка/Сантьяго</zone>
    <zone type="America/Santo_Domingo">Америка/Санто-Доминго</zone>
    <zone type="America/Sao_Paulo">Америка/Сан-Паулу</zone>
    <zone type="America/Scoresbysund">Америка/Скорсбисунн</zone>
    <zone type="America/Shiprock">Америка/Шипрок</zone>
    <zone type="America/Sitka">Америка/Ситка</zone>
    <zone type="America/St_Barthelemy">Америка/Сен-Бартелеми</zone>
    <zone type="America/St_Johns">Америка/Сент-Джонс</zone>
    <zone type="America/St_Kitts">Америка/Сент-Китс</zone>
    <zone type="America/St_Lucia">Америка/Сент-Люсия</zone>
    <zone type="America/St_Thomas">Америка/Сент-Томас</zone>
    <zone type="America/St_Vincent">Америка/Сент-Винсент</zone>
    <zone type="America/Swift_Current">Америка/Свифт-Керрент</zone>
    <zone type="America/Tegucigalpa">Америка/Тегусигальпа</zone>
    <zone type="America/Thule">Америка/Туле</zone>
    <zone type="America/Thunder_Bay">Америка/Тандер-Бей</zone>
    <zone type="America/Tijuana">Америка/Тихуана</zone>
    <zone type="America/Toronto">Америка/Торонто</zone>
    <zone type="America/Tortola">Америка/Тортола</zone>
    <zone type="America/Vancouver">Америка/Ванкувер</zone>
    <zone type="America/Virgin">Америка/Вирджин</zone>
    <zone type="America/Whitehorse">Америка/Уайтхорс</zone>
    <zone type="America/Winnipeg">Америка/Виннипег</zone>
    <zone type="America/Yakutat">Америка/Якутат</zone>
    <zone type="America/Yellowknife">Америка/Йеллоунайф</zone>
    <zone type="Antarctica/Casey">Антарктида/Кейси</zone>
    <zone type="Antarctica/Davis">Антарктида/Дейвис</zone>
    <zone type="Antarctica/DumontDUrville">Антарктида/Дюмон-д’Юрвиль</zone>
    <zone type="Antarctica/Macquarie">Антарктида/Маккуори</zone>
    <zone type="Antarctica/Mawson">Антарктида/Моусон</zone>
    <zone type="Antarctica/McMurdo">Антарктида/Мак-Мердо</zone>
    <zone type="Antarctica/Palmer">Антарктида/Палмер</zone>
    <zone type="Antarctica/Rothera">Антарктида/Ротера</zone>
    <zone type="Antarctica/South_Pole">Антарктида/Южный полюс</zone>
    <zone type="Antarctica/Syowa">Антарктида/Сёва</zone>
    <zone type="Antarctica/Troll">Антарктида/Тролль</zone>
    <zone type="Antarctica/Vostok">Антарктида/Восток</zone>
    <zone type="Arctic/Longyearbyen">Шпицберген/Лонгйир</zone>
    <zone type="Asia/Aden">Азия/Аден</zone>
    <zone type="Asia/Almaty">Азия/Алматы</zone>
    <zone type="Asia/Amman">Азия/Амман</zone>
    <zone type="Asia/Anadyr">Азия/Анадырь</zone>
    <zone type="Asia/Aqtau">Азия/Актау</zone>
    <zone type="Asia/Aqtobe">Азия/Актобе</zone>
    <zone type="Asia/Ashgabat">Азия/Ашхабад</zone>
    <zone type="Asia/Ashkhabad">Азия/Ашхабад</zone>
    <zone type="Asia/Atyrau">Азия/Атырау</zone>
    <zone type="Asia/Baghdad">Азия/Багдад</zone>
    <zone type="Asia/Bahrain">Азия/Бахрейн</zone>
    <zone type="Asia/Baku">Азия/Баку</zone>
    <zone type="Asia/Bangkok">Азия/Бангкок</zone>
    <zone type="Asia/Barnaul">Азия/Барнаул</zone>
    <zone type="Asia/Beirut">Азия/Бейрут</zone>
    <zone type="Asia/Bishkek">Азия/Бишкек</zone>
    <zone type="Asia/Brunei">Азия/Бруней</zone>
    <zone type="Asia/Calcutta">Азия/Калькутта</zone>
    <zone type="Asia/Chita">Азия/Чита</zone>
    <zone type="Asia/Choibalsan">Азия/Чойбалсан</zone>
    <zone type="Asia/Chongqing">Азия/Чунцин</zone>
    <zone type="Asia/Chungking">Азия/Чунгкин</zone>
    <zone type="Asia/Colombo">Азия/Коломбо</zone>
    <zone type="Asia/Dacca">Азия/Дакка</zone>
    <zone type="Asia/Damascus">Азия/Дамаск</zone>
    <zone type="Asia/Dhaka">Азия/Дакка</zone>
    <zone type="Asia/Dili">Азия/Дили</zone>
    <zone type="Asia/Dubai">Азия/Дубай</zone>
    <zone type="Asia/Dushanbe">Азия/Душанбе</zone>
    <zone type="Asia/Famagusta">Азия/Фамагуста</zone>
    <zone type="Asia/Gaza">Азия/Газа</zone>
    <zone type="Asia/Harbin">Азия/Харбин</zone>
    <zone type="Asia/Hebron">Азия/Хеврон</zone>
    <zone type="Asia/Ho_Chi_Minh">Азия/Хошимин</zone>
    <zone type="Asia/Hong_Kong">Азия/Гонконг</zone>
    <zone type="Asia/Hovd">Азия/Ховд</zone>
    <zone type="Asia/Irkutsk">Азия/Иркутск</zone>
    <zone type="Asia/Istanbul">Азия/Стамбул</zone>
    <zone type="Asia/Jakarta">Азия/Джакарта</zone>
    <zone type="Asia/Jayapura">Азия/Джаяпура</zone>
    <zone type="Asia/Jerusalem">Азия/Иерусалим</zone>
    <zone type="Asia/Kabul">Азия/Кабул</zone>
    <zone type="Asia/Kamchatka">Азия/Петропавловск-Камчатский</zone>
    <zone type="Asia/Karachi">Азия/Карачи</zone>
    <zone type="Asia/Kashgar">Азия/Кашгар</zone>
    <zone type="Asia/Kathmandu">Азия/Катманду</zone>
    <zone type="Asia/Katmandu">Азия/Катманду</zone>
    <zone type="Asia/Khandyga">Азия/Хандыга</zone>
    <zone type="Asia/Kolkata">Азия/Калькутта</zone>
    <zone type="Asia/Krasnoyarsk">Азия/Красноярск</zone>
    <zone type="Asia/Kuala_Lumpur">Азия/Куала-Лумпур</zone>
    <zone type="Asia/Kuching">Азия/Кучинг</zone>
    <zone type="Asia/Kuwait">Азия/Кувейт</zone>
    <zone type="Asia/Macao">Азия/Макао</zone>
    <zone type="Asia/Macau">Азия/Макао</zone>
    <zone type="Asia/Magadan">Азия/Магадан</zone>
    <zone type="Asia/Makassar">Азия/Макасар</zone>
    <zone type="Asia/Manila">Азия/Манила</zone>
    <zone type="Asia/Muscat">Азия/Маскат</zone>
    <zone type="Asia/Nicosia">Азия/Никосия</zone>
    <zone type="Asia/Novokuznetsk">Азия/Новокузнецк</zone>
    <zone type="Asia/Novosibirsk">Азия/Новосибирск</zone>
    <zone type="Asia/Omsk">Азия/Омск</zone>
    <zone type="Asia/Oral">Азия/Уральск</zone>
    <zone type="Asia/Phnom_Penh">Азия/Пномпень</zone>
    <zone type="Asia/Pontianak">Азия/Понтианак</zone>
    <zone type="Asia/Pyongyang">Азия/Пхеньян</zone>
    <zone type="Asia/Qatar">Азия/Катар</zone>
    <zone type="Asia/Qostanay">Азия/Костанай</zone>
    <zone type="Asia/Qyzylorda">Азия/Кызылорда</zone>
    <zone type="Asia/Rangoon">Азия/Янгон</zone>
    <zone type="Asia/Riyadh">Азия/Эр-Рияд</zone>
    <zone type="Asia/Saigon">Азия/Хошимин</zone>
    <zone type="Asia/Sakhalin">Азия/о-в Сахалин</zone>
    <zone type="Asia/Samarkand">Азия/Самарканд</zone>
    <zone type="Asia/Seoul">Азия/Сеул</zone>
    <zone type="Asia/Shanghai">Азия/Шанхай</zone>
    <zone type="Asia/Singapore">Азия/Сингапур</zone>
    <zone type="Asia/Srednekolymsk">Азия/Среднеколымск</zone>
    <zone type="Asia/Taipei">Азия/Тайбэй</zone>
    <zone type="Asia/Tashkent">Азия/Ташкент</zone>
    <zone type="Asia/Tbilisi">Азия/Тбилиси</zone>
    <zone type="Asia/Tehran">Азия/Тегеран</zone>
    <zone type="Asia/Tel_Aviv">Азия/Тель-Авив</zone>
    <zone type="Asia/Thimbu">Азия/Тхимпху</zone>
    <zone type="Asia/Thimphu">Азия/Тхимпху</zone>
    <zone type="Asia/Tokyo">Азия/Токио</zone>
    <zone type="Asia/Tomsk">Азия/Томск</zone>
    <zone type="Asia/Ujung_Pandang">Азия/Макасар</zone>
    <zone type="Asia/Ulaanbaatar">Азия/Улан-Батор</zone>
    <zone type="Asia/Ulan_Bator">Азия/Улан-Батор</zone>
    <zone type="Asia/Urumqi">Азия/Урумчи</zone>
    <zone type="Asia/Ust-Nera">Азия/Усть-Нера</zone>
    <zone type="Asia/Vientiane">Азия/Вьентьян</zone>
    <zone type="Asia/Vladivostok">Азия/Владивосток</zone>
    <zone type="Asia/Yakutsk">Азия/Якутск</zone>
    <zone type="Asia/Yangon">Азия/Янгон</zone>
    <zone type="Asia/Yekaterinburg">Азия/Екатеринбург</zone>
    <zone type="Asia/Yerevan">Азия/Ереван</zone>
    <zone type="Atlantic/Azores">Атлантика/Азорские о-ва</zone>
    <zone type="Atlantic/Bermuda">Атлантика/Бермудские о-ва</zone>
    <zone type="Atlantic/Canary">Атлантика/Канарские о-ва</zone>
    <zone type="Atlantic/Cape_Verde">Атлантика/Кабо-Верде</zone>
    <zone type="Atlantic/Faeroe">Атлантика/Фарерские о-ва</zone>
    <zone type="Atlantic/Faroe">Атлантика/Фарерские о-ва</zone>
    <zone type="Atlantic/Jan_Mayen">Атлантика/Ян-Майен</zone>
    <zone type="Atlantic/Madeira">Атлантика/Мадейра</zone>
    <zone type="Atlantic/Reykjavik">Атлантика/Рейкьявик</zone>
    <zone type="Atlantic/South_Georgia">Атлантика/Южная Георгия</zone>
    <zone type="Atlantic/St_Helena">Атлантика/о-в Святой Елены</zone>
    <zone type="Atlantic/Stanley">Атлантика/Стэнли</zone>
    <zone type="Australia/ACT">Австралия/Сидней</zone>
    <zone type="Australia/Adelaide">Австралия/Аделаида</zone>
    <zone type="Australia/Brisbane">Австралия/Брисбен</zone>
    <zone type="Australia/Broken_Hill">Австралия/Брокен-Хилл</zone>
    <zone type="Australia/Canberra">Австралия/Канберра</zone>
    <zone type="Australia/Currie">Австралия/Керри</zone>
    <zone type="Australia/Darwin">Австралия/Дарвин</zone>
    <zone type="Australia/Eucla">Австралия/Юкла</zone>
    <zone type="Australia/Hobart">Австралия/Хобарт</zone>
    <zone type="Australia/LHI">Австралия/Лорд-Хау</zone>
    <zone type="Australia/Lindeman">Австралия/Линдеман</zone>
    <zone type="Australia/Lord_Howe">Австралия/Лорд-Хау</zone>
    <zone type="Australia/Melbourne">Австралия/Мельбурн</zone>
    <zone type="Australia/North">Австралия/Дарвин</zone>
    <zone type="Australia/NSW">Австралия/Сидней</zone>
    <zone type="Australia/Perth">Австралия/Перт</zone>
    <zone type="Australia/Queensland">Австралия/Квинсленд</zone>
    <zone type="Australia/South">Австралия/Аделаида</zone>
    <zone type="Australia/Sydney">Австралия/Сидней</zone>
    <zone type="Australia/Tasmania">Австралия/Тасмания</zone>
    <zone type="Australia/Victoria">Австралия/Виктория</zone>
    <zone type="Australia/West">Австралия/Перт</zone>
    <zone type="Australia/Yancowinna">Австралия/Брокен-Хилл</zone>
    <zone type="Brazil/Acre">Бразилия/Акри</zone>
    <zone type="Brazil/DeNoronha">Бразилия/Фернанду-ди-Норонья</zone>
    <zone type="Brazil/East">Бразилия/Восток</zone>
    <zone type="Brazil/West">Бразилия/Запад</zone>
    <zone type="Canada/Atlantic">Канада/Атлантическое время</zone>
    <zone type="Canada/Central">Канада/Центральное время</zone>
    <zone type="Canada/Eastern">Канада/Восточное время</zone>
    <zone type="Canada/Mountain">Канада/Горное время</zone>
    <zone type="Canada/Newfoundland">Канада/Ньюфаундленд</zone>
    <zone type="Canada/Pacific">Канада/Тихоокеанское время</zone>
    <zone type="Canada/Saskatchewan">Канада/Саскачеван</zone>
    <zone type="Canada/Yukon">Канада/Юкон</zone>
    <zone type="Chile/Continental">Чили/Континентальное время</zone>
    <zone type="Chile/EasterIsland">Чили/о-в Пасхи</zone>
    <zone type="Etc/Unknown">Неизвестный город</zone>
    <zone type="Etc/UTC">Всемирное координированное время</zone>
    <zone type="Europe/Amsterdam">Европа/Амстердам</zone>
    <zone type="Europe/Andorra">Европа/Андорра</zone>
    <zone type="Europe/Astrakhan">Европа/Астрахань</zone>
    <zone type="Europe/Athens">Европа/Афины</zone>
    <zone type="Europe/Belfast">Europe/Белфаст</zone>
    <zone type="Europe/Belgrade">Европа/Белград</zone>
    <zone type="Europe/Berlin">Европа/Берлин</zone>
    <zone type="Europe/Bratislava">Европа/Братислава</zone>
    <zone type="Europe/Brussels">Европа/Брюссель</zone>
    <zone type="Europe/Bucharest">Европа/Бухарест</zone>
    <zone type="Europe/Budapest">Европа/Будапешт</zone>
    <zone type="Europe/Busingen">Европа/Бюзинген-на-Верхнем-Рейне</zone>
    <zone type="Europe/Chisinau">Европа/Кишинев</zone>
    <zone type="Europe/Copenhagen">Европа/Копенгаген</zone>
    <zone type="Europe/Dublin">Европа/Дублин</zone>
    <zone type="Europe/Gibraltar">Европа/Гибралтар</zone>
    <zone type="Europe/Guernsey">Европа/Гернси</zone>
    <zone type="Europe/Helsinki">Европа/Хельсинки</zone>
    <zone type="Europe/Isle_of_Man">Европа/о-в Мэн</zone>
    <zone type="Europe/Istanbul">Европа/Стамбул</zone>
    <zone type="Europe/Jersey">Европа/Джерси</zone>
    <zone type="Europe/Kaliningrad">Европа/Калининград</zone>
    <zone type="Europe/Kiev">Европа/Киев</zone>
    <zone type="Europe/Kirov">Европа/Киров</zone>
    <zone type="Europe/Lisbon">Европа/Лиссабон</zone>
    <zone type="Europe/Ljubljana">Европа/Любляна</zone>
    <zone type="Europe/London">Европа/Лондон</zone>
    <zone type="Europe/Luxembourg">Европа/Люксембург</zone>
    <zone type="Europe/Madrid">Европа/Мадрид</zone>
    <zone type="Europe/Malta">Европа/Мальта</zone>
    <zone type="Europe/Mariehamn">Европа/Мариехамн</zone>
    <zone type="Europe/Minsk">Европа/Минск</zone>
    <zone type="Europe/Monaco">Европа/Монако</zone>
    <zone type="Europe/Moscow">Европа/Москва</zone>
    <zone type="Europe/Nicosia">Европа/Никосия</zone>
    <zone type="Europe/Oslo">Европа/Осло</zone>
    <zone type="Europe/Paris">Европа/Париж</zone>
    <zone type="Europe/Podgorica">Европа/Подгорица</zone>
    <zone type="Europe/Prague">Европа/Прага</zone>
    <zone type="Europe/Riga">Европа/Рига</zone>
    <zone type="Europe/Rome">Европа/Рим</zone>
    <zone type="Europe/Samara">Европа/Самара</zone>
    <zone type="Europe/San_Marino">Европа/Сан-Марино</zone>
    <zone type="Europe/Sarajevo">Европа/Сараево</zone>
    <zone type="Europe/Saratov">Европа/Саратов</zone>
    <zone type="Europe/Simferopol">Европа/Симферополь</zone>
    <zone type="Europe/Skopje">Европа/Скопье</zone>
    <zone type="Europe/Sofia">Европа/София</zone>
    <zone type="Europe/Stockholm">Европа/Стокгольм</zone>
    <zone type="Europe/Tallinn">Европа/Таллин</zone>
    <zone type="Europe/Tirane">Европа/Тирана</zone>
    <zone type="Europe/Tiraspol">Европа/Тирасполь</zone>
    <zone type="Europe/Ulyanovsk">Европа/Ульяновск</zone>
    <zone type="Europe/Uzhgorod">Европа/Ужгород</zone>
    <zone type="Europe/Vaduz">Европа/Вадуц</zone>
    <zone type="Europe/Vatican">Европа/Ватикан</zone>
    <zone type="Europe/Vienna">Европа/Вена</zone>
    <zone type="Europe/Vilnius">Европа/Вильнюс</zone>
    <zone type="Europe/Volgograd">Европа/Волгоград</zone>
    <zone type="Europe/Warsaw">Европа/Варшава</zone>
    <zone type="Europe/Zagreb">Европа/Загреб</zone>
    <zone type="Europe/Zaporozhye">Европа/Запорожье</zone>
    <zone type="Europe/Zurich">Европа/Цюрих</zone>
    <zone type="Indian/Antananarivo">Индийский океан/Антананариву</zone>
    <zone type="Indian/Chagos">Индийский океан/Чагос</zone>
    <zone type="Indian/Christmas">Индийский океан/о-в Рождества</zone>
    <zone type="Indian/Cocos">Индийский океан/Кокосовые о-ва</zone>
    <zone type="Indian/Comoro">Индийский океан/Коморы</zone>
    <zone type="Indian/Kerguelen">Индийский океан/Кергелен</zone>
    <zone type="Indian/Mahe">Индийский океан/Маэ</zone>
    <zone type="Indian/Maldives">Индийский океан/Мальдивы</zone>
    <zone type="Indian/Mauritius">Индийский океан/Маврикий</zone>
    <zone type="Indian/Mayotte">Индийский океан/Майотта</zone>
    <zone type="Indian/Reunion">Индийский океан/Реюньон</zone>
    <zone type="Mexico/BajaNorte">Мексика/Нижняя Калифорния</zone>
    <zone type="Mexico/BajaSur">Мексика/Южная Нижняя Калифорния</zone>
    <zone type="Mexico/General">Мексика/Общее время</zone>
    <zone type="Pacific/Apia">Тихий океан/Апиа</zone>
    <zone type="Pacific/Auckland">Тихий океан/Окленд</zone>
    <zone type="Pacific/Bougainville">Тихий океан/Бугенвиль</zone>
    <zone type="Pacific/Chatham">Тихий океан/Чатем</zone>
    <zone type="Pacific/Chuuk">Тихий океан/Chuuk</zone>
    <zone type="Pacific/Easter">Тихий океан/о-в Пасхи</zone>
    <zone type="Pacific/Efate">Тихий океан/Эфате</zone>
    <zone type="Pacific/Enderbury">Тихий океан/о-в Эндербери</zone>
    <zone type="Pacific/Fakaofo">Тихий океан/Факаофо</zone>
    <zone type="Pacific/Fiji">Тихий океан/Фиджи</zone>
    <zone type="Pacific/Funafuti">Тихий океан/Фунафути</zone>
    <zone type="Pacific/Galapagos">Тихий океан/Галапагосские о-ва</zone>
    <zone type="Pacific/Gambier">Тихий океан/о-ва Гамбье</zone>
    <zone type="Pacific/Guadalcanal">Тихий океан/Гуадалканал</zone>
    <zone type="Pacific/Guam">Тихий океан/Гуам</zone>
    <zone type="Pacific/Honolulu">Тихий океан/Гонолулу</zone>
    <zone type="Pacific/Johnston">Тихий океан/Джонстон</zone>
    <zone type="Pacific/Kiritimati">Тихий океан/Киритимати</zone>
    <zone type="Pacific/Kosrae">Тихий океан/Косрае</zone>
    <zone type="Pacific/Kwajalein">Тихий океан/Кваджалейн</zone>
    <zone type="Pacific/Majuro">Тихий океан/Маджуро</zone>
    <zone type="Pacific/Marquesas">Тихий океан/Маркизские о-ва</zone>
    <zone type="Pacific/Midway">Тихий океан/о-ва Мидуэй</zone>
    <zone type="Pacific/Nauru">Тихий океан/Науру</zone>
    <zone type="Pacific/Niue">Тихий океан/Ниуэ</zone>
    <zone type="Pacific/Norfolk">Тихий океан/Норфолк</zone>
    <zone type="Pacific/Noumea">Тихий океан/Нумеа</zone>
    <zone type="Pacific/Pago_Pago">Тихий океан/Паго-Паго</zone>
    <zone type="Pacific/Palau">Тихий океан/Палау</zone>
    <zone type="Pacific/Pitcairn">Тихий океан/Питкэрн</zone>
    <zone type="Pacific/Pohnpei">Тихий океан/Понпеи</zone>
    <zone type="Pacific/Ponape">Тихий океан/Понпеи</zone>
    <zone type="Pacific/Port_Moresby">Тихий океан/Порт-Морсби</zone>
    <zone type="Pacific/Rarotonga">Тихий океан/Раротонга</zone>
    <zone type="Pacific/Saipan">Тихий океан/Сайпан</zone>
    <zone type="Pacific/Samoa">Тихий океан/Самоа</zone>
    <zone type="Pacific/Tahiti">Тихий океан/Таити</zone>
    <zone type="Pacific/Tarawa">Тихий океан/Тарава</zone>
    <zone type="Pacific/Tongatapu">Тихий океан/Тонгатапу</zone>
    <zone type="Pacific/Truk">Тихий океан/Трук</zone>
    <zone type="Pacific/Wake">Тихий океан/Уэйк</zone>
    <zone type="Pacific/Wallis">Тихий океан/Уоллис</zone>
    <zone type="Pacific/Yap">Тихий океан/Яп</zone>
    <zone type="US/Alaska">США/Аляска</zone>
    <zone type="US/Aleutian">США/Алеутские острова</zone>
    <zone type="US/Arizona">США/Аризона</zone>
    <zone type="US/Central">США/Центральное время</zone>
    <zone type="US/Eastern">США/Восточное время</zone>
    <zone type="US/East-Indiana">США/Индианаполис</zone>
    <zone type="US/Hawaii">США/Гавайи</zone>
    <zone type="US/Indiana-Starke">США/Старк, Индиана</zone>
    <zone type="US/Michigan">США/Мичиган</zone>
    <zone type="US/Mountain">США/Горное время</zone>
    <zone type="US/Pacific">США/Тихоокеанское время</zone>
    <zone type="US/Pacific-New">США/Тихоокеанское время новое</zone>
    <zone type="US/Samoa">США/Самоа</zone>
  </olson>
  <windows>
    <zone type="Dateline Standard Time">(UTC-12:00) Линия перемены дат</zone>
    <zone type="UTC-11">(UTC-11:00) Время в формате UTC -11</zone>
    <zone type="Aleutian Standard Time">(UTC-10:00) Алеутские острова</zone>
    <zone type="Hawaiian Standard Time">(UTC-10:00) Гавайи</zone>
    <zone type="Marquesas Standard Time">(UTC-09:30) Маркизские острова</zone>
    <zone type="Alaskan Standard Time">(UTC-09:00) Аляска</zone>
    <zone type="UTC-09">(UTC-09:00) Время в формате UTC -09</zone>
    <zone type="UTC-08">(UTC-08:00) Время в формате UTC -08</zone>
    <zone type="Pacific Standard Time (Mexico)">(UTC-08:00) Нижняя Калифорния</zone>
    <zone type="Pacific Standard Time">(UTC-08:00) Тихоокеанское время (США и Канада)</zone>
    <zone type="US Mountain Standard Time">(UTC-07:00) Аризона</zone>
    <zone type="Mountain Standard Time">(UTC-07:00) Горное время (США и Канада)</zone>
    <zone type="Mountain Standard Time (Mexico)">(UTC-07:00) Ла-Пас, Мазатлан, Чихуахуа</zone>
    <zone type="Central Standard Time (Mexico)">(UTC-06:00) Гвадалахара, Мехико, Монтеррей</zone>
    <zone type="Canada Central Standard Time">(UTC-06:00) Саскачеван</zone>
    <zone type="Central America Standard Time">(UTC-06:00) Центральная Америка</zone>
    <zone type="Central Standard Time">(UTC-06:00) Центральное время (США и Канада)</zone>
    <zone type="Easter Island Standard Time">(UTC-06:00) о. Пасхи</zone>
    <zone type="SA Pacific Standard Time">(UTC-05:00) Богота, Кито, Лима, Рио-Бранко</zone>
    <zone type="Eastern Standard Time">(UTC-05:00) Восточное время (США и Канада)</zone>
    <zone type="Cuba Standard Time">(UTC-05:00) Гавана</zone>
    <zone type="Haiti Standard Time">(UTC-05:00) Гаити</zone>
    <zone type="US Eastern Standard Time">(UTC-05:00) Индиана (восток)</zone>
    <zone type="Eastern Standard Time (Mexico)">(UTC-05:00) Четумаль</zone>
    <zone type="Paraguay Standard Time">(UTC-04:00) Асунсьон</zone>
    <zone type="Atlantic Standard Time">(UTC-04:00) Атлантическое время (Канада)</zone>
    <zone type="SA Western Standard Time">(UTC-04:00) Джорджтаун, Ла-Пас, Манаус, Сан-Хуан</zone>
    <zone type="Venezuela Standard Time">(UTC-04:00) Каракас</zone>
    <zone type="Central Brazilian Standard Time">(UTC-04:00) Куяба</zone>
    <zone type="Turks And Caicos Standard Time">(UTC-04:00) Острова Теркс и Кайкос</zone>
    <zone type="Pacific SA Standard Time">(UTC-04:00) Сантьяго</zone>
    <zone type="Newfoundland Standard Time">(UTC-03:30) Ньюфаундленд</zone>
    <zone type="Tocantins Standard Time">(UTC-03:00) Арагуаяна</zone>
    <zone type="E. South America Standard Time">(UTC-03:00) Бразилия</zone>
    <zone type="Argentina Standard Time">(UTC-03:00) Буэнос-Айрес</zone>
    <zone type="Greenland Standard Time">(UTC-03:00) Гренландия</zone>
    <zone type="SA Eastern Standard Time">(UTC-03:00) Кайенна, Форталеза</zone>
    <zone type="Montevideo Standard Time">(UTC-03:00) Монтевидео</zone>
    <zone type="Magallanes Standard Time">(UTC-03:00) Пунта-Аренас</zone>
    <zone type="Bahia Standard Time">(UTC-03:00) Сальвадор</zone>
    <zone type="Saint Pierre Standard Time">(UTC-03:00) Сен-Пьер и Микелон</zone>
    <zone type="UTC-02">(UTC-02:00) Время в формате UTC -02</zone>
    <zone type="Mid-Atlantic Standard Time">(UTC-02:00) Среднеатлантическое время - старое</zone>
    <zone type="Azores Standard Time">(UTC-01:00) Азорские о-ва</zone>
    <zone type="Cape Verde Standard Time">(UTC-01:00) Кабо-Верде</zone>
    <zone type="UTC">(UTC) Время в формате UTC</zone>
    <zone type="GMT Standard Time">(UTC+00:00) Дублин, Эдинбург, Лиссабон, Лондон</zone>
    <zone type="Morocco Standard Time">(UTC+00:00) Касабланка</zone>
    <zone type="Greenwich Standard Time">(UTC+00:00) Монровия, Рейкьявик</zone>
    <zone type="W. Europe Standard Time">(UTC+01:00) Амстердам, Берлин, Берн, Вена, Рим, Стокгольм</zone>
    <zone type="Central Europe Standard Time">(UTC+01:00) Белград, Братислава, Будапешт, Любляна, Прага</zone>
    <zone type="Romance Standard Time">(UTC+01:00) Брюссель, Копенгаген, Мадрид, Париж</zone>
    <zone type="Central European Standard Time">(UTC+01:00) Варшава, Загреб, Сараево, Скопье</zone>
    <zone type="Namibia Standard Time">(UTC+01:00) Виндхук</zone>
    <zone type="W. Central Africa Standard Time">(UTC+01:00) Западная Центральная Африка</zone>
    <zone type="Jordan Standard Time">(UTC+02:00) Амман</zone>
    <zone type="GTB Standard Time">(UTC+02:00) Афины, Бухарест</zone>
    <zone type="Middle East Standard Time">(UTC+02:00) Бейрут</zone>
    <zone type="FLE Standard Time">(UTC+02:00) Вильнюс, Киев, Рига, София, Таллин, Хельсинки</zone>
    <zone type="Syria Standard Time">(UTC+02:00) Дамаск</zone>
    <zone type="Israel Standard Time">(UTC+02:00) Иерусалим</zone>
    <zone type="Egypt Standard Time">(UTC+02:00) Каир</zone>
    <zone type="Kaliningrad Standard Time">(UTC+02:00) Калининград</zone>
    <zone type="Sudan Standard Time">(UTC+02:00) Хартум</zone>
    <zone type="E. Europe Standard Time">(UTC+02:00) Кишинев</zone>
    <zone type="West Bank Standard Time">(UTC+02:00) Сектор Газа, Хеврон</zone>
    <zone type="Libya Standard Time">(UTC+02:00) Триполи</zone>
    <zone type="South Africa Standard Time">(UTC+02:00) Хараре, Претория</zone>
    <zone type="Arabic Standard Time">(UTC+03:00) Багдад</zone>
    <zone type="Arab Standard Time">(UTC+03:00) Кувейт, Эр-Рияд</zone>
    <zone type="Belarus Standard Time">(UTC+03:00) Минск</zone>
    <zone type="Russian Standard Time">(UTC+03:00) Москва, Санкт-Петербург, Волгоград</zone>
    <zone type="E. Africa Standard Time">(UTC+03:00) Найроби</zone>
    <zone type="Turkey Standard Time">(UTC+03:00) Стамбул</zone>
    <zone type="Iran Standard Time">(UTC+03:30) Тегеран</zone>
    <zone type="Arabian Standard Time">(UTC+04:00) Абу-Даби, Мускат</zone>
    <zone type="Astrakhan Standard Time">(UTC+04:00) Астрахань, Ульяновск</zone>
    <zone type="Azerbaijan Standard Time">(UTC+04:00) Баку</zone>
    <zone type="Caucasus Standard Time">(UTC+04:00) Ереван</zone>
    <zone type="Russia Time Zone 3">(UTC+04:00) Ижевск, Самара</zone>
    <zone type="Mauritius Standard Time">(UTC+04:00) Порт-Луи</zone>
    <zone type="Saratov Standard Time">(UTC+04:00) Саратов</zone>
    <zone type="Georgian Standard Time">(UTC+04:00) Тбилиси</zone>
    <zone type="Afghanistan Standard Time">(UTC+04:30) Кабул</zone>
    <zone type="West Asia Standard Time">(UTC+05:00) Ашхабад, Ташкент</zone>
    <zone type="Ekaterinburg Standard Time">(UTC+05:00) Екатеринбург</zone>
    <zone type="Pakistan Standard Time">(UTC+05:00) Исламабад, Карачи</zone>
    <zone type="India Standard Time">(UTC+05:30) Колката, Мумбаи, Нью-Дели, Ченнай</zone>
    <zone type="Sri Lanka Standard Time">(UTC+05:30) Шри-Джаявардене-пура-Котте</zone>
    <zone type="Nepal Standard Time">(UTC+05:45) Катманду</zone>
    <zone type="Central Asia Standard Time">(UTC+06:00) Астана</zone>
    <zone type="Bangladesh Standard Time">(UTC+06:00) Дакка</zone>
    <zone type="Omsk Standard Time">(UTC+06:00) Омск</zone>
    <zone type="Myanmar Standard Time">(UTC+06:30) Янгон</zone>
    <zone type="SE Asia Standard Time">(UTC+07:00) Бангкок, Джакарта, Ханой</zone>
    <zone type="Altai Standard Time">(UTC+07:00) Барнаул, Горно-Алтайск</zone>
    <zone type="North Asia Standard Time">(UTC+07:00) Красноярск</zone>
    <zone type="N. Central Asia Standard Time">(UTC+07:00) Новосибирск</zone>
    <zone type="Tomsk Standard Time">(UTC+07:00) Томск</zone>
    <zone type="W. Mongolia Standard Time">(UTC+07:00) Ховд</zone>
    <zone type="China Standard Time">(UTC+08:00) Гонконг, Пекин, Урумчи, Чунцин</zone>
    <zone type="North Asia East Standard Time">(UTC+08:00) Иркутск</zone>
    <zone type="Singapore Standard Time">(UTC+08:00) Куала-Лумпур, Сингапур</zone>
    <zone type="W. Australia Standard Time">(UTC+08:00) Перт</zone>
    <zone type="Taipei Standard Time">(UTC+08:00) Тайбэй</zone>
    <zone type="Ulaanbaatar Standard Time">(UTC+08:00) Улан-Батор</zone>
    <zone type="North Korea Standard Time">(UTC+08:30) Пхеньян</zone>
    <zone type="Aus Central W. Standard Time">(UTC+08:45) Юкла</zone>
    <zone type="Tokyo Standard Time">(UTC+09:00) Осака, Саппоро, Токио</zone>
    <zone type="Korea Standard Time">(UTC+09:00) Сеул</zone>
    <zone type="Transbaikal Standard Time">(UTC+09:00) Чита</zone>
    <zone type="Yakutsk Standard Time">(UTC+09:00) Якутск</zone>
    <zone type="Cen. Australia Standard Time">(UTC+09:30) Аделаида</zone>
    <zone type="AUS Central Standard Time">(UTC+09:30) Дарвин</zone>
    <zone type="E. Australia Standard Time">(UTC+10:00) Брисбен</zone>
    <zone type="Vladivostok Standard Time">(UTC+10:00) Владивосток</zone>
    <zone type="West Pacific Standard Time">(UTC+10:00) Гуам, Порт-Морсби</zone>
    <zone type="AUS Eastern Standard Time">(UTC+10:00) Канберра, Мельбурн, Сидней</zone>
    <zone type="Tasmania Standard Time">(UTC+10:00) Хобарт</zone>
    <zone type="Lord Howe Standard Time">(UTC+10:30) Лорд-Хау</zone>
    <zone type="Magadan Standard Time">(UTC+11:00) Магадан</zone>
    <zone type="Bougainville Standard Time">(UTC+11:00) Остров Бугенвиль</zone>
    <zone type="Norfolk Standard Time">(UTC+11:00) Остров Норфолк</zone>
    <zone type="Sakhalin Standard Time">(UTC+11:00) Сахалин</zone>
    <zone type="Central Pacific Standard Time">(UTC+11:00) Соломоновы о-ва, Нов. Каледония</zone>
    <zone type="Russia Time Zone 10">(UTC+11:00) Чокурдах</zone>
    <zone type="Russia Time Zone 11">(UTC+12:00) Анадырь, Петропавловск-Камчатский</zone>
    <zone type="New Zealand Standard Time">(UTC+12:00) Веллингтон, Окленд</zone>
    <zone type="UTC+12">(UTC+12:00) Время в формате UTC +12</zone>
    <zone type="Kamchatka Standard Time">(UTC+12:00) Петропавловск-Камчатский — устаревшее</zone>
    <zone type="Fiji Standard Time">(UTC+12:00) Фиджи</zone>
    <zone type="Chatham Islands Standard Time">(UTC+12:45) Чатем</zone>
    <zone type="UTC+13">(UTC+13:00) Время в формате UTC +13</zone>
    <zone type="Tonga Standard Time">(UTC+13:00) Нукуалофа</zone>
    <zone type="Samoa Standard Time">(UTC+13:00) Самоа</zone>
    <zone type="Line Islands Standard Time">(UTC+14:00) О-в Киритимати</zone>
  </windows>
</timeZoneNames>